<?xml version = '1.0' encoding = 'UTF-8'?>
<Relation class="oracle.dbtools.crest.model.design.logical.Relation" name="Relation_23" directorySegmentName="seg_0" id="29A6F29A-6A6B-436F-6A0C-A216CB8B585A">
<createdBy>uday</createdBy>
<createdTime>2017-04-20 13:49:37 UTC</createdTime>
<ownerDesignName>DataModel</ownerDesignName>
<engineerTo>
<item key="08C68317-6558-BE2B-51C3-FE7B37198609" value="true"/>
</engineerTo>
<sourcePk>0D1F9C6E-9831-8F3A-49F9-C706A64E86FE</sourcePk>
<identifying>true</identifying>
<optionalSource>true</optionalSource>
<optionalTarget>false</optionalTarget>
<sourceCardinality>1</sourceCardinality>
<sourceEntity>0C00806B-EA2C-A6BD-2612-CA715B60E12A</sourceEntity>
<targetCardinalityString>*</targetCardinalityString>
<targetEntity>21A30311-987A-326E-5913-3F406BC94AD0</targetEntity>
<transferable>true</transferable>
<deleteRule>NO ACTION</deleteRule>
</Relation>