<?xml version = '1.0' encoding = 'UTF-8'?>
<Relation class="oracle.dbtools.crest.model.design.logical.Relation" name="Relation_22" directorySegmentName="seg_0" id="5B8D6B2C-812C-0BF2-C620-D789828425A0">
<createdBy>uday</createdBy>
<createdTime>2017-04-20 13:49:29 UTC</createdTime>
<ownerDesignName>DataModel</ownerDesignName>
<engineerTo>
<item key="08C68317-6558-BE2B-51C3-FE7B37198609" value="true"/>
</engineerTo>
<sourcePk>458A91AE-76CF-F592-257A-F6DF36E3250B</sourcePk>
<identifying>true</identifying>
<optionalSource>true</optionalSource>
<optionalTarget>false</optionalTarget>
<sourceCardinality>1</sourceCardinality>
<sourceEntity>B8BDF806-C3C4-FDFD-414D-40ABD7E18D29</sourceEntity>
<targetCardinalityString>*</targetCardinalityString>
<targetEntity>21A30311-987A-326E-5913-3F406BC94AD0</targetEntity>
<transferable>true</transferable>
<deleteRule>NO ACTION</deleteRule>
</Relation>