<?xml version = '1.0' encoding = 'UTF-8'?>
<Relation class="oracle.dbtools.crest.model.design.logical.Relation" name="Relation_28" directorySegmentName="seg_0" id="6F0D7F2C-8C36-2F77-116B-A3B961CF7D45">
<createdBy>uday</createdBy>
<createdTime>2017-04-20 13:53:21 UTC</createdTime>
<ownerDesignName>DataModel</ownerDesignName>
<engineerTo>
<item key="08C68317-6558-BE2B-51C3-FE7B37198609" value="true"/>
</engineerTo>
<sourcePk>CC188529-FC1B-6386-FDF5-BDC4C512B332</sourcePk>
<identifying>true</identifying>
<optionalSource>true</optionalSource>
<optionalTarget>false</optionalTarget>
<sourceCardinality>1</sourceCardinality>
<sourceEntity>21394ECD-4675-89E7-856F-361AE680A103</sourceEntity>
<targetCardinalityString>*</targetCardinalityString>
<targetEntity>3C96F58C-6677-E0FE-38E7-666498880AC3</targetEntity>
<transferable>true</transferable>
<deleteRule>NO ACTION</deleteRule>
</Relation>