<?xml version = '1.0' encoding = 'UTF-8'?>
<Relation class="oracle.dbtools.crest.model.design.logical.Relation" name="Relation_20" directorySegmentName="seg_0" id="77F7E0B5-5CEF-CD60-25E1-6D2B8CC7DC80">
<createdBy>uday</createdBy>
<createdTime>2017-04-20 13:49:09 UTC</createdTime>
<ownerDesignName>DataModel</ownerDesignName>
<engineerTo>
<item key="08C68317-6558-BE2B-51C3-FE7B37198609" value="true"/>
</engineerTo>
<sourcePk>69C025F2-AED7-4F68-6773-C7A1142EA911</sourcePk>
<identifying>true</identifying>
<optionalSource>true</optionalSource>
<optionalTarget>false</optionalTarget>
<sourceCardinality>1</sourceCardinality>
<sourceEntity>9041B08A-55AE-5CBF-28A1-ADA3C2CCAC0E</sourceEntity>
<targetCardinalityString>*</targetCardinalityString>
<targetEntity>21A30311-987A-326E-5913-3F406BC94AD0</targetEntity>
<transferable>true</transferable>
<deleteRule>NO ACTION</deleteRule>
</Relation>