<?xml version = '1.0' encoding = 'UTF-8'?>
<Relation class="oracle.dbtools.crest.model.design.logical.Relation" name="Relation_27" directorySegmentName="seg_0" id="80887999-F0AD-CD94-68A4-1DBDD9255647">
<createdBy>uday</createdBy>
<createdTime>2017-04-20 13:53:10 UTC</createdTime>
<ownerDesignName>DataModel</ownerDesignName>
<engineerTo>
<item key="08C68317-6558-BE2B-51C3-FE7B37198609" value="true"/>
</engineerTo>
<sourcePk>ED11F9C0-C303-323C-EBD8-0887DF366B21</sourcePk>
<identifying>true</identifying>
<optionalSource>true</optionalSource>
<optionalTarget>false</optionalTarget>
<sourceCardinality>1</sourceCardinality>
<sourceEntity>DD50FC1C-2DB2-6EA7-6F5E-7AD6554BBC91</sourceEntity>
<targetCardinalityString>*</targetCardinalityString>
<targetEntity>3C96F58C-6677-E0FE-38E7-666498880AC3</targetEntity>
<transferable>true</transferable>
<deleteRule>NO ACTION</deleteRule>
</Relation>