<?xml version = '1.0' encoding = 'UTF-8'?>
<Relation class="oracle.dbtools.crest.model.design.logical.Relation" name="Order_Delivery" directorySegmentName="seg_0" id="8AE58DA4-3A73-6BE1-F3C0-18AE3CE97638">
<createdBy>uday</createdBy>
<createdTime>2017-04-10 00:42:00 UTC</createdTime>
<ownerDesignName>DataModel</ownerDesignName>
<engineerTo>
<item key="08C68317-6558-BE2B-51C3-FE7B37198609" value="true"/>
</engineerTo>
<sourcePk>4503C48F-D16B-5316-462E-0EC94143E24F</sourcePk>
<identifying>false</identifying>
<optionalSource>true</optionalSource>
<optionalTarget>false</optionalTarget>
<sourceCardinality>1</sourceCardinality>
<sourceEntity>34E4B3A1-CDE2-1E3A-AAF6-7A53183BDC93</sourceEntity>
<targetCardinalityString>1</targetCardinalityString>
<targetEntity>B6F06651-30AF-7DDF-F536-7CDF703001CE</targetEntity>
<transferable>true</transferable>
<deleteRule>NO ACTION</deleteRule>
</Relation>