<?xml version = '1.0' encoding = 'UTF-8'?>
<Relation class="oracle.dbtools.crest.model.design.logical.Relation" name="Relation_21" directorySegmentName="seg_0" id="CEE6228B-BAB9-37B0-6440-AF7A4D2C56D4">
<createdBy>uday</createdBy>
<createdTime>2017-04-20 13:49:21 UTC</createdTime>
<ownerDesignName>DataModel</ownerDesignName>
<engineerTo>
<item key="08C68317-6558-BE2B-51C3-FE7B37198609" value="true"/>
</engineerTo>
<sourcePk>2308D15C-2F9C-B283-DD51-0FA0C65C3FC5</sourcePk>
<identifying>true</identifying>
<optionalSource>true</optionalSource>
<optionalTarget>false</optionalTarget>
<sourceCardinality>1</sourceCardinality>
<sourceEntity>E83C71CC-D60E-67EC-094B-BFD944C1143B</sourceEntity>
<targetCardinalityString>*</targetCardinalityString>
<targetEntity>21A30311-987A-326E-5913-3F406BC94AD0</targetEntity>
<transferable>true</transferable>
<deleteRule>NO ACTION</deleteRule>
</Relation>