<?xml version = '1.0' encoding = 'UTF-8'?>
<Relation class="oracle.dbtools.crest.model.design.logical.Relation" name="Relation_24" directorySegmentName="seg_0" id="CEED34C6-FA73-72F9-98B9-66F71EC87D77">
<createdBy>uday</createdBy>
<createdTime>2017-04-20 13:52:22 UTC</createdTime>
<ownerDesignName>DataModel</ownerDesignName>
<engineerTo>
<item key="08C68317-6558-BE2B-51C3-FE7B37198609" value="true"/>
</engineerTo>
<sourcePk>718DEC6F-176C-2E9F-CAF3-F3A028EB0AE8</sourcePk>
<identifying>true</identifying>
<optionalSource>true</optionalSource>
<optionalTarget>false</optionalTarget>
<sourceCardinality>1</sourceCardinality>
<sourceEntity>21A30311-987A-326E-5913-3F406BC94AD0</sourceEntity>
<targetCardinalityString>*</targetCardinalityString>
<targetEntity>7D542903-FC91-532A-D5C3-9DF6BFCF7CC1</targetEntity>
<transferable>true</transferable>
<deleteRule>NO ACTION</deleteRule>
</Relation>