<?xml version = '1.0' encoding = 'UTF-8'?>
<Relation class="oracle.dbtools.crest.model.design.logical.Relation" name="Relation_25" directorySegmentName="seg_0" id="E7BD39E8-A10C-BE01-6267-E16937F11D26">
<createdBy>uday</createdBy>
<createdTime>2017-04-20 13:52:34 UTC</createdTime>
<ownerDesignName>DataModel</ownerDesignName>
<engineerTo>
<item key="08C68317-6558-BE2B-51C3-FE7B37198609" value="true"/>
</engineerTo>
<sourcePk>03F06E3A-4C4A-548D-F569-4097126BD98D</sourcePk>
<identifying>true</identifying>
<optionalSource>true</optionalSource>
<optionalTarget>false</optionalTarget>
<sourceCardinality>1</sourceCardinality>
<sourceEntity>B6F06651-30AF-7DDF-F536-7CDF703001CE</sourceEntity>
<targetCardinalityString>*</targetCardinalityString>
<targetEntity>7D542903-FC91-532A-D5C3-9DF6BFCF7CC1</targetEntity>
<transferable>true</transferable>
<deleteRule>NO ACTION</deleteRule>
</Relation>