<?xml version = '1.0' encoding = 'UTF-8'?>
<Relation class="oracle.dbtools.crest.model.design.logical.Relation" name="Order_Parcel" directorySegmentName="seg_0" id="FFE831DC-2A8E-48C0-7169-837BF52AA3FD">
<createdBy>uday</createdBy>
<createdTime>2017-04-09 22:25:50 UTC</createdTime>
<ownerDesignName>DataModel</ownerDesignName>
<engineerTo>
<item key="08C68317-6558-BE2B-51C3-FE7B37198609" value="true"/>
</engineerTo>
<sourcePk>F682A313-3DCF-0004-844A-F4F69B14FD99</sourcePk>
<identifying>false</identifying>
<optionalSource>true</optionalSource>
<optionalTarget>false</optionalTarget>
<sourceCardinality>1</sourceCardinality>
<sourceEntity>1C5CF89D-E0C2-EC07-E2DA-76D5FCB9C038</sourceEntity>
<targetCardinalityString>1</targetCardinalityString>
<targetEntity>B6F06651-30AF-7DDF-F536-7CDF703001CE</targetEntity>
<transferable>true</transferable>
<deleteRule>NO ACTION</deleteRule>
</Relation>