<?xml version = '1.0' encoding = 'UTF-8'?>
<Diagram class="oracle.dbtools.crest.swingui.logical.DPVLogical" name="Logical" id="49004E71-09E6-ACB1-8D0D-6F55D4C6ECF0">
<createdBy>uday</createdBy>
<modifiedBy>uday</modifiedBy>
<createdTime>2017-04-09 20:09:39 UTC</createdTime>
<autoRoute>false</autoRoute>
<boxInbox>true</boxInbox>
<showLegend>false</showLegend>
<showLabels>false</showLabels>
<showRelAttributes>false</showRelAttributes>
<gridEnabled>false</gridEnabled>
<showGrid>false</showGrid>
<diagramColor>-1</diagramColor>
<display>false</display>
<notation>1</notation>
<objectViews>
<OView class="oracle.dbtools.crest.swingui.logical.TVEntity" oid="0C00806B-EA2C-A6BD-2612-CA715B60E12A" otype="Entity" vid="76CC565E-854E-0DF4-B0A5-B69A888BD89A">
<hideElementsInCurrentOnly>false</hideElementsInCurrentOnly>
<bounds x="1330" y="341" width="170" height="111"/>
</OView>
<OView class="oracle.dbtools.crest.swingui.logical.TVEntity" oid="1C5CF89D-E0C2-EC07-E2DA-76D5FCB9C038" otype="Entity" vid="A69F4084-D394-F7E2-5CB6-0AFE8A9CDEB4">
<hideElementsInCurrentOnly>false</hideElementsInCurrentOnly>
<bounds x="439" y="137" width="170" height="110"/>
</OView>
<OView class="oracle.dbtools.crest.swingui.logical.TVEntity" oid="21394ECD-4675-89E7-856F-361AE680A103" otype="Entity" vid="3501E3D8-8AF5-7947-7BFB-E184C74F382E">
<hideElementsInCurrentOnly>false</hideElementsInCurrentOnly>
<bounds x="440" y="662" width="170" height="110"/>
</OView>
<OView class="oracle.dbtools.crest.swingui.logical.TVEntity" oid="21A30311-987A-326E-5913-3F406BC94AD0" otype="Entity" vid="FCE866E1-0B8B-7990-9F36-5E439C1528D3">
<hideElementsInCurrentOnly>false</hideElementsInCurrentOnly>
<bounds x="991" y="472" width="175" height="147"/>
</OView>
<OView class="oracle.dbtools.crest.swingui.logical.TVEntity" oid="34E4B3A1-CDE2-1E3A-AAF6-7A53183BDC93" otype="Entity" vid="E633C41C-F335-3D57-1DDE-B7A0D4689521">
<hideElementsInCurrentOnly>false</hideElementsInCurrentOnly>
<bounds x="731" y="89" width="170" height="111"/>
</OView>
<OView class="oracle.dbtools.crest.swingui.logical.TVEntity" oid="3C96F58C-6677-E0FE-38E7-666498880AC3" otype="Entity" vid="3E44EF5E-5017-B56A-06AE-FF86D26E7ADA">
<hideElementsInCurrentOnly>false</hideElementsInCurrentOnly>
<bounds x="431" y="522" width="170" height="110"/>
</OView>
<OView class="oracle.dbtools.crest.swingui.logical.TVEntity" oid="7D542903-FC91-532A-D5C3-9DF6BFCF7CC1" otype="Entity" vid="EE0606E4-26E1-B41B-169F-B370B2682E0E">
<hideElementsInCurrentOnly>false</hideElementsInCurrentOnly>
<bounds x="943" y="299" width="170" height="110"/>
</OView>
<OView class="oracle.dbtools.crest.swingui.logical.TVEntity" oid="9041B08A-55AE-5CBF-28A1-ADA3C2CCAC0E" otype="Entity" vid="308A242D-F86B-4171-3078-D86FE226ACF9">
<hideElementsInCurrentOnly>false</hideElementsInCurrentOnly>
<bounds x="1001" y="709" width="170" height="112"/>
</OView>
<OView class="oracle.dbtools.crest.swingui.logical.TVEntity" oid="B6F06651-30AF-7DDF-F536-7CDF703001CE" otype="Entity" vid="4D1C2750-8EA0-A8DA-B0A4-D9BACB119332">
<hideElementsInCurrentOnly>false</hideElementsInCurrentOnly>
<bounds x="708" y="353" width="181" height="135"/>
</OView>
<OView class="oracle.dbtools.crest.swingui.logical.TVEntity" oid="B8BDF806-C3C4-FDFD-414D-40ABD7E18D29" otype="Entity" vid="900DC81A-BD81-0976-0FD1-A6137A2FE9CF">
<hideElementsInCurrentOnly>false</hideElementsInCurrentOnly>
<bounds x="1425" y="508" width="170" height="112"/>
</OView>
<OView class="oracle.dbtools.crest.swingui.logical.TVEntity" oid="DD50FC1C-2DB2-6EA7-6F5E-7AD6554BBC91" otype="Entity" vid="3EF58516-5479-9EB8-939F-5CAD413F99F8">
<hideElementsInCurrentOnly>false</hideElementsInCurrentOnly>
<bounds x="461" y="355" width="170" height="110"/>
</OView>
<OView class="oracle.dbtools.crest.swingui.logical.TVEntity" oid="E83C71CC-D60E-67EC-094B-BFD944C1143B" otype="Entity" vid="3434791A-C325-E661-2DEC-64F951B7BC92">
<hideElementsInCurrentOnly>false</hideElementsInCurrentOnly>
<bounds x="1281" y="712" width="170" height="112"/>
</OView>
</objectViews>
<connectors>
<Connector class="oracle.dbtools.crest.swingui.logical.TVRelation" oid="29A6F29A-6A6B-436F-6A0C-A216CB8B585A" otype="Relation" vid_source="76CC565E-854E-0DF4-B0A5-B69A888BD89A" vid_target="FCE866E1-0B8B-7990-9F36-5E439C1528D3">
<hideElementsInCurrentOnly>false</hideElementsInCurrentOnly>
<lineWidth>1</lineWidth>
<points>
<point x="1330" y="396"/>
<point x="1166" y="545"/>
</points>
</Connector>
<Connector class="oracle.dbtools.crest.swingui.logical.TVRelation" oid="5B8D6B2C-812C-0BF2-C620-D789828425A0" otype="Relation" vid_source="900DC81A-BD81-0976-0FD1-A6137A2FE9CF" vid_target="FCE866E1-0B8B-7990-9F36-5E439C1528D3">
<hideElementsInCurrentOnly>false</hideElementsInCurrentOnly>
<lineWidth>1</lineWidth>
<points>
<point x="1425" y="573"/>
<point x="1166" y="573"/>
</points>
</Connector>
<Connector class="oracle.dbtools.crest.swingui.logical.TVRelation" oid="6F0D7F2C-8C36-2F77-116B-A3B961CF7D45" otype="Relation" vid_source="3501E3D8-8AF5-7947-7BFB-E184C74F382E" vid_target="3E44EF5E-5017-B56A-06AE-FF86D26E7ADA">
<hideElementsInCurrentOnly>false</hideElementsInCurrentOnly>
<lineWidth>1</lineWidth>
<points>
<point x="530" y="662"/>
<point x="530" y="632"/>
</points>
</Connector>
<Connector class="oracle.dbtools.crest.swingui.logical.TVRelation" oid="77F7E0B5-5CEF-CD60-25E1-6D2B8CC7DC80" otype="Relation" vid_source="308A242D-F86B-4171-3078-D86FE226ACF9" vid_target="FCE866E1-0B8B-7990-9F36-5E439C1528D3">
<hideElementsInCurrentOnly>false</hideElementsInCurrentOnly>
<lineWidth>1</lineWidth>
<points>
<point x="1083" y="709"/>
<point x="1083" y="619"/>
</points>
</Connector>
<Connector class="oracle.dbtools.crest.swingui.logical.TVRelation" oid="7DB13F22-D65F-BBD8-84B4-95F445E9339C" otype="Relation" vid_source="3EF58516-5479-9EB8-939F-5CAD413F99F8" vid_target="4D1C2750-8EA0-A8DA-B0A4-D9BACB119332">
<hideElementsInCurrentOnly>false</hideElementsInCurrentOnly>
<lineWidth>1</lineWidth>
<points>
<point x="631" y="420"/>
<point x="708" y="420"/>
</points>
</Connector>
<Connector class="oracle.dbtools.crest.swingui.logical.TVRelation" oid="80887999-F0AD-CD94-68A4-1DBDD9255647" otype="Relation" vid_source="3EF58516-5479-9EB8-939F-5CAD413F99F8" vid_target="3E44EF5E-5017-B56A-06AE-FF86D26E7ADA">
<hideElementsInCurrentOnly>false</hideElementsInCurrentOnly>
<lineWidth>1</lineWidth>
<points>
<point x="541" y="465"/>
<point x="541" y="522"/>
</points>
</Connector>
<Connector class="oracle.dbtools.crest.swingui.logical.TVRelation" oid="8AE58DA4-3A73-6BE1-F3C0-18AE3CE97638" otype="Relation" vid_source="E633C41C-F335-3D57-1DDE-B7A0D4689521" vid_target="4D1C2750-8EA0-A8DA-B0A4-D9BACB119332">
<hideElementsInCurrentOnly>false</hideElementsInCurrentOnly>
<lineWidth>1</lineWidth>
<points>
<point x="820" y="200"/>
<point x="820" y="353"/>
</points>
</Connector>
<Connector class="oracle.dbtools.crest.swingui.logical.TVRelation" oid="CEE6228B-BAB9-37B0-6440-AF7A4D2C56D4" otype="Relation" vid_source="3434791A-C325-E661-2DEC-64F951B7BC92" vid_target="FCE866E1-0B8B-7990-9F36-5E439C1528D3">
<hideElementsInCurrentOnly>false</hideElementsInCurrentOnly>
<lineWidth>1</lineWidth>
<points>
<point x="1366" y="712"/>
<point x="1166" y="601"/>
</points>
</Connector>
<Connector class="oracle.dbtools.crest.swingui.logical.TVRelation" oid="CEED34C6-FA73-72F9-98B9-66F71EC87D77" otype="Relation" vid_source="FCE866E1-0B8B-7990-9F36-5E439C1528D3" vid_target="EE0606E4-26E1-B41B-169F-B370B2682E0E">
<hideElementsInCurrentOnly>false</hideElementsInCurrentOnly>
<lineWidth>1</lineWidth>
<points>
<point x="1062" y="472"/>
<point x="1062" y="409"/>
</points>
</Connector>
<Connector class="oracle.dbtools.crest.swingui.logical.TVRelation" oid="E7BD39E8-A10C-BE01-6267-E16937F11D26" otype="Relation" vid_source="4D1C2750-8EA0-A8DA-B0A4-D9BACB119332" vid_target="EE0606E4-26E1-B41B-169F-B370B2682E0E">
<hideElementsInCurrentOnly>false</hideElementsInCurrentOnly>
<lineWidth>1</lineWidth>
<points>
<point x="889" y="391"/>
<point x="943" y="391"/>
</points>
</Connector>
<Connector class="oracle.dbtools.crest.swingui.logical.TVRelation" oid="FFE831DC-2A8E-48C0-7169-837BF52AA3FD" otype="Relation" vid_source="A69F4084-D394-F7E2-5CB6-0AFE8A9CDEB4" vid_target="4D1C2750-8EA0-A8DA-B0A4-D9BACB119332">
<hideElementsInCurrentOnly>false</hideElementsInCurrentOnly>
<lineWidth>1</lineWidth>
<points>
<point x="524" y="247"/>
<point x="798" y="353"/>
</points>
</Connector>
</connectors>
<displays>
<Display class="oracle.dbtools.crest.swingui.logical.DPVLogical" name="Display" id="7B610947-0E18-7E89-4A37-FD76CB05D21F">
<createdBy>uday</createdBy>
<modifiedBy>uday</modifiedBy>
<createdTime>2017-04-09 20:09:54 UTC</createdTime>
<autoRoute>false</autoRoute>
<boxInbox>true</boxInbox>
<showLegend>false</showLegend>
<showLabels>false</showLabels>
<showRelAttributes>false</showRelAttributes>
<gridEnabled>false</gridEnabled>
<showGrid>false</showGrid>
<diagramColor>-1</diagramColor>
<display>true</display>
<notation>1</notation>
<objectViews>
<OView class="oracle.dbtools.crest.swingui.logical.TVEntity" oid="0C00806B-EA2C-A6BD-2612-CA715B60E12A" otype="Entity" vid="9CF2BC5D-F919-B82E-D6CB-06255F345903">
<hideElementsInCurrentOnly>false</hideElementsInCurrentOnly>
<bounds x="514" y="0" width="170" height="110"/>
</OView>
<OView class="oracle.dbtools.crest.swingui.logical.TVEntity" oid="1C5CF89D-E0C2-EC07-E2DA-76D5FCB9C038" otype="Entity" vid="4E2C97D7-A54D-57B7-2F7C-E8A7F7AD28A2">
<hideElementsInCurrentOnly>false</hideElementsInCurrentOnly>
<bounds x="242" y="557" width="170" height="110"/>
</OView>
<OView class="oracle.dbtools.crest.swingui.logical.TVEntity" oid="21394ECD-4675-89E7-856F-361AE680A103" otype="Entity" vid="899F8082-5BBA-67C4-375E-1B5A61AF12DD">
<hideElementsInCurrentOnly>false</hideElementsInCurrentOnly>
<bounds x="24" y="115" width="170" height="110"/>
</OView>
<OView class="oracle.dbtools.crest.swingui.logical.TVEntity" oid="21A30311-987A-326E-5913-3F406BC94AD0" otype="Entity" vid="D793F321-7696-AEAB-5CC5-94F9347C0254">
<hideElementsInCurrentOnly>false</hideElementsInCurrentOnly>
<bounds x="685" y="280" width="170" height="110"/>
</OView>
<OView class="oracle.dbtools.crest.swingui.logical.TVEntity" oid="34E4B3A1-CDE2-1E3A-AAF6-7A53183BDC93" otype="Entity" vid="B92B89B2-8BC8-A0E0-9573-36F91EDFFF37">
<hideElementsInCurrentOnly>false</hideElementsInCurrentOnly>
<bounds x="30" y="433" width="170" height="110"/>
</OView>
<OView class="oracle.dbtools.crest.swingui.logical.TVEntity" oid="3C96F58C-6677-E0FE-38E7-666498880AC3" otype="Entity" vid="AAD1C090-71DE-44A2-9739-E25C061531B1">
<hideElementsInCurrentOnly>false</hideElementsInCurrentOnly>
<bounds x="37" y="288" width="170" height="110"/>
</OView>
<OView class="oracle.dbtools.crest.swingui.logical.TVEntity" oid="7D542903-FC91-532A-D5C3-9DF6BFCF7CC1" otype="Entity" vid="61EA20F4-2F3E-772D-24C3-15DA57404859">
<hideElementsInCurrentOnly>false</hideElementsInCurrentOnly>
<bounds x="225" y="225" width="170" height="110"/>
</OView>
<OView class="oracle.dbtools.crest.swingui.logical.TVEntity" oid="9041B08A-55AE-5CBF-28A1-ADA3C2CCAC0E" otype="Entity" vid="7D8E53C5-CED2-F035-7947-876785E6F976">
<hideElementsInCurrentOnly>false</hideElementsInCurrentOnly>
<bounds x="881" y="102" width="170" height="110"/>
</OView>
<OView class="oracle.dbtools.crest.swingui.logical.TVEntity" oid="B6F06651-30AF-7DDF-F536-7CDF703001CE" otype="Entity" vid="6FF01951-B365-F1CF-D35F-09175F292DED">
<hideElementsInCurrentOnly>false</hideElementsInCurrentOnly>
<bounds x="235" y="430" width="170" height="110"/>
</OView>
<OView class="oracle.dbtools.crest.swingui.logical.TVEntity" oid="B8BDF806-C3C4-FDFD-414D-40ABD7E18D29" otype="Entity" vid="3FAAF49D-D385-5D46-F069-622938ACDE34">
<hideElementsInCurrentOnly>false</hideElementsInCurrentOnly>
<bounds x="684" y="469" width="170" height="110"/>
</OView>
<OView class="oracle.dbtools.crest.swingui.logical.TVEntity" oid="DD50FC1C-2DB2-6EA7-6F5E-7AD6554BBC91" otype="Entity" vid="0F1D1F5E-3608-B629-3705-2040873EEE9C">
<hideElementsInCurrentOnly>false</hideElementsInCurrentOnly>
<bounds x="484" y="387" width="170" height="110"/>
</OView>
<OView class="oracle.dbtools.crest.swingui.logical.TVEntity" oid="E83C71CC-D60E-67EC-094B-BFD944C1143B" otype="Entity" vid="8666840F-66E2-0412-D43D-C715CC26257C">
<hideElementsInCurrentOnly>false</hideElementsInCurrentOnly>
<bounds x="275" y="30" width="170" height="110"/>
</OView>
</objectViews>
<connectors>
<Connector class="oracle.dbtools.crest.swingui.logical.TVRelation" oid="29A6F29A-6A6B-436F-6A0C-A216CB8B585A" otype="Relation" vid_source="9CF2BC5D-F919-B82E-D6CB-06255F345903" vid_target="D793F321-7696-AEAB-5CC5-94F9347C0254">
<hideElementsInCurrentOnly>false</hideElementsInCurrentOnly>
<lineWidth>1</lineWidth>
</Connector>
<Connector class="oracle.dbtools.crest.swingui.logical.TVRelation" oid="5B8D6B2C-812C-0BF2-C620-D789828425A0" otype="Relation" vid_source="3FAAF49D-D385-5D46-F069-622938ACDE34" vid_target="D793F321-7696-AEAB-5CC5-94F9347C0254">
<hideElementsInCurrentOnly>false</hideElementsInCurrentOnly>
<lineWidth>1</lineWidth>
</Connector>
<Connector class="oracle.dbtools.crest.swingui.logical.TVRelation" oid="6F0D7F2C-8C36-2F77-116B-A3B961CF7D45" otype="Relation" vid_source="899F8082-5BBA-67C4-375E-1B5A61AF12DD" vid_target="AAD1C090-71DE-44A2-9739-E25C061531B1">
<hideElementsInCurrentOnly>false</hideElementsInCurrentOnly>
<lineWidth>1</lineWidth>
</Connector>
<Connector class="oracle.dbtools.crest.swingui.logical.TVRelation" oid="77F7E0B5-5CEF-CD60-25E1-6D2B8CC7DC80" otype="Relation" vid_source="7D8E53C5-CED2-F035-7947-876785E6F976" vid_target="D793F321-7696-AEAB-5CC5-94F9347C0254">
<hideElementsInCurrentOnly>false</hideElementsInCurrentOnly>
<lineWidth>1</lineWidth>
</Connector>
<Connector class="oracle.dbtools.crest.swingui.logical.TVRelation" oid="7DB13F22-D65F-BBD8-84B4-95F445E9339C" otype="Relation" vid_source="0F1D1F5E-3608-B629-3705-2040873EEE9C" vid_target="6FF01951-B365-F1CF-D35F-09175F292DED">
<hideElementsInCurrentOnly>false</hideElementsInCurrentOnly>
<lineWidth>1</lineWidth>
</Connector>
<Connector class="oracle.dbtools.crest.swingui.logical.TVRelation" oid="80887999-F0AD-CD94-68A4-1DBDD9255647" otype="Relation" vid_source="0F1D1F5E-3608-B629-3705-2040873EEE9C" vid_target="AAD1C090-71DE-44A2-9739-E25C061531B1">
<hideElementsInCurrentOnly>false</hideElementsInCurrentOnly>
<lineWidth>1</lineWidth>
</Connector>
<Connector class="oracle.dbtools.crest.swingui.logical.TVRelation" oid="8AE58DA4-3A73-6BE1-F3C0-18AE3CE97638" otype="Relation" vid_source="B92B89B2-8BC8-A0E0-9573-36F91EDFFF37" vid_target="6FF01951-B365-F1CF-D35F-09175F292DED">
<hideElementsInCurrentOnly>false</hideElementsInCurrentOnly>
<lineWidth>1</lineWidth>
<points>
<point x="200" y="486"/>
<point x="235" y="486"/>
</points>
</Connector>
<Connector class="oracle.dbtools.crest.swingui.logical.TVRelation" oid="CEE6228B-BAB9-37B0-6440-AF7A4D2C56D4" otype="Relation" vid_source="8666840F-66E2-0412-D43D-C715CC26257C" vid_target="D793F321-7696-AEAB-5CC5-94F9347C0254">
<hideElementsInCurrentOnly>false</hideElementsInCurrentOnly>
<lineWidth>1</lineWidth>
</Connector>
<Connector class="oracle.dbtools.crest.swingui.logical.TVRelation" oid="CEED34C6-FA73-72F9-98B9-66F71EC87D77" otype="Relation" vid_source="D793F321-7696-AEAB-5CC5-94F9347C0254" vid_target="61EA20F4-2F3E-772D-24C3-15DA57404859">
<hideElementsInCurrentOnly>false</hideElementsInCurrentOnly>
<lineWidth>1</lineWidth>
</Connector>
<Connector class="oracle.dbtools.crest.swingui.logical.TVRelation" oid="E7BD39E8-A10C-BE01-6267-E16937F11D26" otype="Relation" vid_source="6FF01951-B365-F1CF-D35F-09175F292DED" vid_target="61EA20F4-2F3E-772D-24C3-15DA57404859">
<hideElementsInCurrentOnly>false</hideElementsInCurrentOnly>
<lineWidth>1</lineWidth>
</Connector>
<Connector class="oracle.dbtools.crest.swingui.logical.TVRelation" oid="FFE831DC-2A8E-48C0-7169-837BF52AA3FD" otype="Relation" vid_source="4E2C97D7-A54D-57B7-2F7C-E8A7F7AD28A2" vid_target="6FF01951-B365-F1CF-D35F-09175F292DED">
<hideElementsInCurrentOnly>false</hideElementsInCurrentOnly>
<lineWidth>1</lineWidth>
<points>
<point x="323" y="557"/>
<point x="323" y="540"/>
</points>
</Connector>
</connectors>
</Display>
</displays>
</Diagram>