<?xml version = '1.0' encoding = 'UTF-8'?>
<Entity class="oracle.dbtools.crest.model.design.logical.Entity" directorySegmentName="seg_0" id="0C00806B-EA2C-A6BD-2612-CA715B60E12A" name="Embroidery">
<createdBy>uday</createdBy>
<createdTime>2017-04-09 21:15:08 UTC</createdTime>
<ownerDesignName>DataModel</ownerDesignName>
<engineerTo>
<item key="08C68317-6558-BE2B-51C3-FE7B37198609" value="true"/>
</engineerTo>
<adequatelyNormalized>NO</adequatelyNormalized>
<expectedVolumes>0</expectedVolumes>
<fwdEngineeringStrategyName>Single Table</fwdEngineeringStrategyName>
<growthPercent>0</growthPercent>
<growthType>Year</growthType>
<maxVolumes>9999999</maxVolumes>
<minVolumes>0</minVolumes>
<normalForm>Third</normalForm>
<attributes itemClass="oracle.dbtools.crest.model.design.logical.Attribute">
<Attribute name="Embroidery_ID" id="01E8F898-7677-A042-6A5C-B5BBEB16AC8C">
<createdBy>uday</createdBy>
<createdTime>2017-04-09 21:15:25 UTC</createdTime>
<ownerDesignName>DataModel</ownerDesignName>
<engineerTo>
<item key="08C68317-6558-BE2B-51C3-FE7B37198609" value="true"/>
</engineerTo>
<useDomainConstraints>false</useDomainConstraints>
<use>1</use>
<logicalDatatype>LOGDT011</logicalDatatype>
<ownDataTypeParameters>,,</ownDataTypeParameters>
</Attribute>
<Attribute name="Embroidery_Name" id="EE90D04F-DDC3-6E9D-91DA-59EC281C4BBF">
<createdBy>uday</createdBy>
<createdTime>2017-04-09 21:15:38 UTC</createdTime>
<ownerDesignName>DataModel</ownerDesignName>
<engineerTo>
<item key="08C68317-6558-BE2B-51C3-FE7B37198609" value="true"/>
</engineerTo>
<nullsAllowed>true</nullsAllowed>
<useDomainConstraints>false</useDomainConstraints>
<use>1</use>
<logicalDatatype>LOGDT025</logicalDatatype>
<dataTypeSize>15</dataTypeSize>
<ownDataTypeParameters>15,,</ownDataTypeParameters>
</Attribute>
</attributes>
<identifiers itemClass="oracle.dbtools.crest.model.design.logical.CandidateKey">
<identifier id="0D1F9C6E-9831-8F3A-49F9-C706A64E86FE" name="Embroidery_ID">
<createdBy>uday</createdBy>
<createdTime>2017-04-10 00:10:26 UTC</createdTime>
<ownerDesignName>DataModel</ownerDesignName>
<engineerTo>
<item key="08C68317-6558-BE2B-51C3-FE7B37198609" value="true"/>
</engineerTo>
<pk>true</pk>
<newElementsIDs>01E8F898-7677-A042-6A5C-B5BBEB16AC8C</newElementsIDs>
<usedAttributes>
<attributeRef>01E8F898-7677-A042-6A5C-B5BBEB16AC8C</attributeRef>
</usedAttributes>
</identifier>
</identifiers>
</Entity>