<?xml version = '1.0' encoding = 'UTF-8'?>
<Entity class="oracle.dbtools.crest.model.design.logical.Entity" directorySegmentName="seg_0" id="21A30311-987A-326E-5913-3F406BC94AD0" name="Fabric">
<createdBy>uday</createdBy>
<createdTime>2017-04-09 20:29:07 UTC</createdTime>
<ownerDesignName>DataModel</ownerDesignName>
<engineerTo>
<item key="08C68317-6558-BE2B-51C3-FE7B37198609" value="true"/>
</engineerTo>
<adequatelyNormalized>NO</adequatelyNormalized>
<expectedVolumes>0</expectedVolumes>
<fwdEngineeringStrategyName>Single Table</fwdEngineeringStrategyName>
<growthPercent>0</growthPercent>
<growthType>Year</growthType>
<maxVolumes>9999999</maxVolumes>
<minVolumes>0</minVolumes>
<normalForm>Third</normalForm>
<attributes itemClass="oracle.dbtools.crest.model.design.logical.Attribute">
<Attribute name="Stock" id="973AE017-80D4-61A3-3D03-F52F5676FD2F">
<createdBy>uday</createdBy>
<createdTime>2017-04-09 20:34:04 UTC</createdTime>
<ownerDesignName>DataModel</ownerDesignName>
<engineerTo>
<item key="08C68317-6558-BE2B-51C3-FE7B37198609" value="true"/>
</engineerTo>
<nullsAllowed>true</nullsAllowed>
<useDomainConstraints>false</useDomainConstraints>
<use>1</use>
<logicalDatatype>LOGDT011</logicalDatatype>
<ownDataTypeParameters>,,</ownDataTypeParameters>
</Attribute>
<Attribute name="Pattern_ID" id="56B98618-93AD-E7DD-9FB2-F05799F7EF1C">
<createdBy>uday</createdBy>
<createdTime>2017-04-20 13:49:09 UTC</createdTime>
<generatorID>77F7E0B5-5CEF-CD60-25E1-6D2B8CC7DC80</generatorID>
<ownerDesignName>DataModel</ownerDesignName>
<engineerTo>
<item key="08C68317-6558-BE2B-51C3-FE7B37198609" value="true"/>
</engineerTo>
<referedAttribute>A479B905-DB98-15EC-080A-33EC7077D6F1</referedAttribute>
<useDomainConstraints>false</useDomainConstraints>
<use>1</use>
<logicalDatatype>LOGDT011</logicalDatatype>
<ownDataTypeParameters>,,</ownDataTypeParameters>
</Attribute>
<Attribute name="Color_ID" id="B3766B8A-0257-FF06-B40C-E23BE950F887">
<createdBy>uday</createdBy>
<createdTime>2017-04-20 13:49:21 UTC</createdTime>
<generatorID>CEE6228B-BAB9-37B0-6440-AF7A4D2C56D4</generatorID>
<ownerDesignName>DataModel</ownerDesignName>
<engineerTo>
<item key="08C68317-6558-BE2B-51C3-FE7B37198609" value="true"/>
</engineerTo>
<referedAttribute>15D5DA5F-CF6D-621A-D5C4-D20A095495F6</referedAttribute>
<useDomainConstraints>false</useDomainConstraints>
<use>1</use>
<logicalDatatype>LOGDT011</logicalDatatype>
<ownDataTypeParameters>,,</ownDataTypeParameters>
</Attribute>
<Attribute name="Fabric_Type_ID" id="E83D1869-101C-F9EE-1D65-D1A5830C6603">
<createdBy>uday</createdBy>
<createdTime>2017-04-20 13:49:29 UTC</createdTime>
<generatorID>5B8D6B2C-812C-0BF2-C620-D789828425A0</generatorID>
<ownerDesignName>DataModel</ownerDesignName>
<engineerTo>
<item key="08C68317-6558-BE2B-51C3-FE7B37198609" value="true"/>
</engineerTo>
<referedAttribute>C509F02B-B9FE-8B5E-99BA-5D76739B9C8F</referedAttribute>
<useDomainConstraints>false</useDomainConstraints>
<use>1</use>
<logicalDatatype>LOGDT011</logicalDatatype>
<ownDataTypeParameters>,,</ownDataTypeParameters>
</Attribute>
<Attribute name="Embroidery_ID" id="3517B75C-5FE5-2BE7-2F4B-D85086B96C9D">
<createdBy>uday</createdBy>
<createdTime>2017-04-20 13:49:37 UTC</createdTime>
<generatorID>29A6F29A-6A6B-436F-6A0C-A216CB8B585A</generatorID>
<ownerDesignName>DataModel</ownerDesignName>
<engineerTo>
<item key="08C68317-6558-BE2B-51C3-FE7B37198609" value="true"/>
</engineerTo>
<referedAttribute>01E8F898-7677-A042-6A5C-B5BBEB16AC8C</referedAttribute>
<useDomainConstraints>false</useDomainConstraints>
<use>1</use>
<logicalDatatype>LOGDT011</logicalDatatype>
<ownDataTypeParameters>,,</ownDataTypeParameters>
</Attribute>
</attributes>
<identifiers itemClass="oracle.dbtools.crest.model.design.logical.CandidateKey">
<identifier id="718DEC6F-176C-2E9F-CAF3-F3A028EB0AE8" name="Fabric PK">
<createdBy>uday</createdBy>
<createdTime>2017-04-20 13:49:09 UTC</createdTime>
<ownerDesignName>DataModel</ownerDesignName>
<engineerTo>
<item key="08C68317-6558-BE2B-51C3-FE7B37198609" value="true"/>
</engineerTo>
<pk>true</pk>
<newElementsIDs>77F7E0B5-5CEF-CD60-25E1-6D2B8CC7DC80,CEE6228B-BAB9-37B0-6440-AF7A4D2C56D4,5B8D6B2C-812C-0BF2-C620-D789828425A0,29A6F29A-6A6B-436F-6A0C-A216CB8B585A</newElementsIDs>
<usedAttributes>
<attributeRef>56B98618-93AD-E7DD-9FB2-F05799F7EF1C</attributeRef>
<attributeRef>B3766B8A-0257-FF06-B40C-E23BE950F887</attributeRef>
<attributeRef>E83D1869-101C-F9EE-1D65-D1A5830C6603</attributeRef>
<attributeRef>3517B75C-5FE5-2BE7-2F4B-D85086B96C9D</attributeRef>
</usedAttributes>
</identifier>
</identifiers>
</Entity>