<?xml version = '1.0' encoding = 'UTF-8'?>
<Entity class="oracle.dbtools.crest.model.design.logical.Entity" directorySegmentName="seg_0" id="3C96F58C-6677-E0FE-38E7-666498880AC3" name="Customer_Address">
<createdBy>uday</createdBy>
<createdTime>2017-04-10 01:04:18 UTC</createdTime>
<ownerDesignName>DataModel</ownerDesignName>
<engineerTo>
<item key="08C68317-6558-BE2B-51C3-FE7B37198609" value="true"/>
</engineerTo>
<adequatelyNormalized>NO</adequatelyNormalized>
<expectedVolumes>0</expectedVolumes>
<fwdEngineeringStrategyName>Single Table</fwdEngineeringStrategyName>
<growthPercent>0</growthPercent>
<growthType>Year</growthType>
<maxVolumes>9999999</maxVolumes>
<minVolumes>0</minVolumes>
<normalForm>Third</normalForm>
<attributes itemClass="oracle.dbtools.crest.model.design.logical.Attribute">
<Attribute name="Customer_ID" id="CF69C204-9A62-F69D-6ABB-300BAD1E54DF">
<createdBy>uday</createdBy>
<createdTime>2017-04-20 13:53:10 UTC</createdTime>
<generatorID>80887999-F0AD-CD94-68A4-1DBDD9255647</generatorID>
<ownerDesignName>DataModel</ownerDesignName>
<engineerTo>
<item key="08C68317-6558-BE2B-51C3-FE7B37198609" value="true"/>
</engineerTo>
<referedAttribute>67E92736-0C46-BAB4-BDD7-A3E9D15E47C2</referedAttribute>
<useDomainConstraints>false</useDomainConstraints>
<use>1</use>
<logicalDatatype>LOGDT011</logicalDatatype>
<ownDataTypeParameters>,,</ownDataTypeParameters>
</Attribute>
<Attribute name="Address_ID" id="CFAEB231-7C00-F735-DE8C-41D9DE18D482">
<createdBy>uday</createdBy>
<createdTime>2017-04-20 13:53:21 UTC</createdTime>
<generatorID>6F0D7F2C-8C36-2F77-116B-A3B961CF7D45</generatorID>
<ownerDesignName>DataModel</ownerDesignName>
<engineerTo>
<item key="08C68317-6558-BE2B-51C3-FE7B37198609" value="true"/>
</engineerTo>
<referedAttribute>C2F08B7A-7B31-A444-82EC-675030B00401</referedAttribute>
<useDomainConstraints>false</useDomainConstraints>
<use>1</use>
<logicalDatatype>LOGDT011</logicalDatatype>
<ownDataTypeParameters>,,</ownDataTypeParameters>
</Attribute>
</attributes>
<identifiers itemClass="oracle.dbtools.crest.model.design.logical.CandidateKey">
<identifier id="637A27E6-A4B3-C6C5-06A1-7183C8B11232" name="Customer_Address PK">
<createdBy>uday</createdBy>
<createdTime>2017-04-20 13:53:10 UTC</createdTime>
<ownerDesignName>DataModel</ownerDesignName>
<engineerTo>
<item key="08C68317-6558-BE2B-51C3-FE7B37198609" value="true"/>
</engineerTo>
<pk>true</pk>
<newElementsIDs>80887999-F0AD-CD94-68A4-1DBDD9255647,6F0D7F2C-8C36-2F77-116B-A3B961CF7D45</newElementsIDs>
<usedAttributes>
<attributeRef>CF69C204-9A62-F69D-6ABB-300BAD1E54DF</attributeRef>
<attributeRef>CFAEB231-7C00-F735-DE8C-41D9DE18D482</attributeRef>
</usedAttributes>
</identifier>
</identifiers>
</Entity>