<?xml version = '1.0' encoding = 'UTF-8'?>
<Entity class="oracle.dbtools.crest.model.design.logical.Entity" directorySegmentName="seg_0" id="7D542903-FC91-532A-D5C3-9DF6BFCF7CC1" name="Order_Fabric">
<createdBy>uday</createdBy>
<createdTime>2017-04-10 01:13:15 UTC</createdTime>
<ownerDesignName>DataModel</ownerDesignName>
<engineerTo>
<item key="08C68317-6558-BE2B-51C3-FE7B37198609" value="true"/>
</engineerTo>
<adequatelyNormalized>NO</adequatelyNormalized>
<expectedVolumes>0</expectedVolumes>
<fwdEngineeringStrategyName>Single Table</fwdEngineeringStrategyName>
<growthPercent>0</growthPercent>
<growthType>Year</growthType>
<maxVolumes>9999999</maxVolumes>
<minVolumes>0</minVolumes>
<normalForm>Third</normalForm>
<attributes itemClass="oracle.dbtools.crest.model.design.logical.Attribute">
<Attribute name="Pattern_ID" id="F02082EF-333B-4C8C-B6E3-8BCF131D74B3">
<createdBy>uday</createdBy>
<createdTime>2017-04-20 13:52:22 UTC</createdTime>
<generatorID>CEED34C6-FA73-72F9-98B9-66F71EC87D77</generatorID>
<ownerDesignName>DataModel</ownerDesignName>
<engineerTo>
<item key="08C68317-6558-BE2B-51C3-FE7B37198609" value="true"/>
</engineerTo>
<referedAttribute>56B98618-93AD-E7DD-9FB2-F05799F7EF1C</referedAttribute>
<useDomainConstraints>false</useDomainConstraints>
<use>1</use>
<logicalDatatype>LOGDT011</logicalDatatype>
<ownDataTypeParameters>,,</ownDataTypeParameters>
</Attribute>
<Attribute name="Color_ID" id="56D6CFFB-B52A-EBD4-86EE-552FA3CC18D9">
<createdBy>uday</createdBy>
<createdTime>2017-04-20 13:52:22 UTC</createdTime>
<generatorID>CEED34C6-FA73-72F9-98B9-66F71EC87D77</generatorID>
<ownerDesignName>DataModel</ownerDesignName>
<engineerTo>
<item key="08C68317-6558-BE2B-51C3-FE7B37198609" value="true"/>
</engineerTo>
<referedAttribute>B3766B8A-0257-FF06-B40C-E23BE950F887</referedAttribute>
<useDomainConstraints>false</useDomainConstraints>
<use>1</use>
<logicalDatatype>LOGDT011</logicalDatatype>
<ownDataTypeParameters>,,</ownDataTypeParameters>
</Attribute>
<Attribute name="Fabric_Type_ID" id="A1CAB0B6-5758-D4C2-E6B5-33E651ECA968">
<createdBy>uday</createdBy>
<createdTime>2017-04-20 13:52:22 UTC</createdTime>
<generatorID>CEED34C6-FA73-72F9-98B9-66F71EC87D77</generatorID>
<ownerDesignName>DataModel</ownerDesignName>
<engineerTo>
<item key="08C68317-6558-BE2B-51C3-FE7B37198609" value="true"/>
</engineerTo>
<referedAttribute>E83D1869-101C-F9EE-1D65-D1A5830C6603</referedAttribute>
<useDomainConstraints>false</useDomainConstraints>
<use>1</use>
<logicalDatatype>LOGDT011</logicalDatatype>
<ownDataTypeParameters>,,</ownDataTypeParameters>
</Attribute>
<Attribute name="Embroidery_ID" id="BA5C4226-BA08-7E39-2E9D-6B66FD2B5F47">
<createdBy>uday</createdBy>
<createdTime>2017-04-20 13:52:22 UTC</createdTime>
<generatorID>CEED34C6-FA73-72F9-98B9-66F71EC87D77</generatorID>
<ownerDesignName>DataModel</ownerDesignName>
<engineerTo>
<item key="08C68317-6558-BE2B-51C3-FE7B37198609" value="true"/>
</engineerTo>
<referedAttribute>3517B75C-5FE5-2BE7-2F4B-D85086B96C9D</referedAttribute>
<useDomainConstraints>false</useDomainConstraints>
<use>1</use>
<logicalDatatype>LOGDT011</logicalDatatype>
<ownDataTypeParameters>,,</ownDataTypeParameters>
</Attribute>
<Attribute name="Order_ID" id="65B73FE3-7C8C-B618-AC50-44D572A26D83">
<createdBy>uday</createdBy>
<createdTime>2017-04-20 13:52:34 UTC</createdTime>
<generatorID>E7BD39E8-A10C-BE01-6267-E16937F11D26</generatorID>
<ownerDesignName>DataModel</ownerDesignName>
<engineerTo>
<item key="08C68317-6558-BE2B-51C3-FE7B37198609" value="true"/>
</engineerTo>
<referedAttribute>02B11E7F-EE3B-EA7C-684B-A6978B4FDB22</referedAttribute>
<useDomainConstraints>false</useDomainConstraints>
<use>1</use>
<logicalDatatype>LOGDT011</logicalDatatype>
<ownDataTypeParameters>,,</ownDataTypeParameters>
</Attribute>
<Attribute name="Customer_ID" id="112F94C0-DD42-128C-FC3B-1E689473D6E7">
<createdBy>uday</createdBy>
<createdTime>2017-04-20 13:52:57 UTC</createdTime>
<generatorID>E7BD39E8-A10C-BE01-6267-E16937F11D26</generatorID>
<ownerDesignName>DataModel</ownerDesignName>
<engineerTo>
<item key="08C68317-6558-BE2B-51C3-FE7B37198609" value="true"/>
</engineerTo>
<referedAttribute>B2A23C8C-B4F1-D83E-A3DE-782190523C91</referedAttribute>
<useDomainConstraints>false</useDomainConstraints>
<use>1</use>
<logicalDatatype>LOGDT011</logicalDatatype>
<ownDataTypeParameters>,,</ownDataTypeParameters>
</Attribute>
<Attribute name="In_Stock" id="A7505747-D750-FCE4-5F62-644C135A6C7D">
<createdBy>uday</createdBy>
<createdTime>2017-04-20 13:58:05 UTC</createdTime>
<ownerDesignName>DataModel</ownerDesignName>
<engineerTo>
<item key="08C68317-6558-BE2B-51C3-FE7B37198609" value="true"/>
</engineerTo>
<nullsAllowed>true</nullsAllowed>
<useDomainConstraints>false</useDomainConstraints>
<use>1</use>
<logicalDatatype>LOGDT025</logicalDatatype>
<dataTypeSize>5</dataTypeSize>
<ownDataTypeParameters>5,,</ownDataTypeParameters>
</Attribute>
</attributes>
<identifiers itemClass="oracle.dbtools.crest.model.design.logical.CandidateKey">
<identifier id="D560A529-45BA-A133-7033-A3B44905103C" name="Order_Fabric PK">
<createdBy>uday</createdBy>
<createdTime>2017-04-20 13:52:22 UTC</createdTime>
<ownerDesignName>DataModel</ownerDesignName>
<engineerTo>
<item key="08C68317-6558-BE2B-51C3-FE7B37198609" value="true"/>
</engineerTo>
<pk>true</pk>
<newElementsIDs>CEED34C6-FA73-72F9-98B9-66F71EC87D77,E7BD39E8-A10C-BE01-6267-E16937F11D26</newElementsIDs>
<usedAttributes>
<attributeRef>F02082EF-333B-4C8C-B6E3-8BCF131D74B3</attributeRef>
<attributeRef>56D6CFFB-B52A-EBD4-86EE-552FA3CC18D9</attributeRef>
<attributeRef>A1CAB0B6-5758-D4C2-E6B5-33E651ECA968</attributeRef>
<attributeRef>BA5C4226-BA08-7E39-2E9D-6B66FD2B5F47</attributeRef>
<attributeRef>65B73FE3-7C8C-B618-AC50-44D572A26D83</attributeRef>
<attributeRef>112F94C0-DD42-128C-FC3B-1E689473D6E7</attributeRef>
</usedAttributes>
</identifier>
</identifiers>
</Entity>