<?xml version = '1.0' encoding = 'UTF-8'?>
<Entity class="oracle.dbtools.crest.model.design.logical.Entity" directorySegmentName="seg_0" id="B6F06651-30AF-7DDF-F536-7CDF703001CE" name="Orders">
<createdBy>uday</createdBy>
<createdTime>2017-04-09 21:26:34 UTC</createdTime>
<ownerDesignName>DataModel</ownerDesignName>
<engineerTo>
<item key="08C68317-6558-BE2B-51C3-FE7B37198609" value="true"/>
</engineerTo>
<adequatelyNormalized>NO</adequatelyNormalized>
<expectedVolumes>0</expectedVolumes>
<fwdEngineeringStrategyName>Single Table</fwdEngineeringStrategyName>
<growthPercent>0</growthPercent>
<growthType>Year</growthType>
<maxVolumes>9999999</maxVolumes>
<minVolumes>0</minVolumes>
<normalForm>Third</normalForm>
<attributes itemClass="oracle.dbtools.crest.model.design.logical.Attribute">
<Attribute name="Order_ID" id="02B11E7F-EE3B-EA7C-684B-A6978B4FDB22">
<createdBy>uday</createdBy>
<createdTime>2017-04-09 21:26:42 UTC</createdTime>
<ownerDesignName>DataModel</ownerDesignName>
<engineerTo>
<item key="08C68317-6558-BE2B-51C3-FE7B37198609" value="true"/>
</engineerTo>
<useDomainConstraints>false</useDomainConstraints>
<use>1</use>
<logicalDatatype>LOGDT011</logicalDatatype>
<ownDataTypeParameters>,,</ownDataTypeParameters>
</Attribute>
<Attribute name="Price" id="F4050D3A-7986-4B37-718E-0D90CF7E938D">
<createdBy>uday</createdBy>
<createdTime>2017-04-09 23:30:01 UTC</createdTime>
<ownerDesignName>DataModel</ownerDesignName>
<engineerTo>
<item key="08C68317-6558-BE2B-51C3-FE7B37198609" value="true"/>
</engineerTo>
<nullsAllowed>true</nullsAllowed>
<useDomainConstraints>false</useDomainConstraints>
<use>1</use>
<logicalDatatype>LOGDT011</logicalDatatype>
<ownDataTypeParameters>,,</ownDataTypeParameters>
</Attribute>
<Attribute name="Tax" id="B428F9AE-4586-3F5A-09F1-E5C1D1823C63">
<createdBy>uday</createdBy>
<createdTime>2017-04-09 23:33:52 UTC</createdTime>
<ownerDesignName>DataModel</ownerDesignName>
<engineerTo>
<item key="08C68317-6558-BE2B-51C3-FE7B37198609" value="true"/>
</engineerTo>
<nullsAllowed>true</nullsAllowed>
<useDomainConstraints>false</useDomainConstraints>
<use>1</use>
<logicalDatatype>LOGDT011</logicalDatatype>
<ownDataTypeParameters>,,</ownDataTypeParameters>
</Attribute>
<Attribute name="Cost" id="6EC437A7-E9A7-F593-C151-F95E5846795A">
<createdBy>uday</createdBy>
<createdTime>2017-04-09 23:34:15 UTC</createdTime>
<ownerDesignName>DataModel</ownerDesignName>
<engineerTo>
<item key="08C68317-6558-BE2B-51C3-FE7B37198609" value="true"/>
</engineerTo>
<nullsAllowed>true</nullsAllowed>
<useDomainConstraints>false</useDomainConstraints>
<use>1</use>
<logicalDatatype>LOGDT011</logicalDatatype>
<ownDataTypeParameters>,,</ownDataTypeParameters>
</Attribute>
<Attribute name="Parcel_ID" id="E2963A36-17E7-0829-8284-C5A819BA3BAD">
<createdBy>uday</createdBy>
<createdTime>2017-04-09 22:25:50 UTC</createdTime>
<generatorID>FFE831DC-2A8E-48C0-7169-837BF52AA3FD</generatorID>
<ownerDesignName>DataModel</ownerDesignName>
<engineerTo>
<item key="08C68317-6558-BE2B-51C3-FE7B37198609" value="true"/>
</engineerTo>
<referedAttribute>A374DF9C-B1FD-C6A4-1A71-08BA570CA401</referedAttribute>
<useDomainConstraints>false</useDomainConstraints>
<use>1</use>
<logicalDatatype>LOGDT011</logicalDatatype>
<ownDataTypeParameters>,,</ownDataTypeParameters>
</Attribute>
<Attribute name="Delivery_ID" id="EBA267D2-23D6-302C-3307-9DC1D6664694">
<createdBy>uday</createdBy>
<createdTime>2017-04-10 00:42:00 UTC</createdTime>
<generatorID>8AE58DA4-3A73-6BE1-F3C0-18AE3CE97638</generatorID>
<ownerDesignName>DataModel</ownerDesignName>
<engineerTo>
<item key="08C68317-6558-BE2B-51C3-FE7B37198609" value="true"/>
</engineerTo>
<referedAttribute>8E46F1C6-DF9D-4699-7188-1CDE5656798C</referedAttribute>
<useDomainConstraints>false</useDomainConstraints>
<use>1</use>
<logicalDatatype>LOGDT011</logicalDatatype>
<ownDataTypeParameters>,,</ownDataTypeParameters>
</Attribute>
<Attribute name="Customer_ID" id="B2A23C8C-B4F1-D83E-A3DE-782190523C91">
<createdBy>uday</createdBy>
<createdTime>2017-04-20 13:52:57 UTC</createdTime>
<generatorID>7DB13F22-D65F-BBD8-84B4-95F445E9339C</generatorID>
<ownerDesignName>DataModel</ownerDesignName>
<engineerTo>
<item key="08C68317-6558-BE2B-51C3-FE7B37198609" value="true"/>
</engineerTo>
<referedAttribute>67E92736-0C46-BAB4-BDD7-A3E9D15E47C2</referedAttribute>
<useDomainConstraints>false</useDomainConstraints>
<use>1</use>
<logicalDatatype>LOGDT011</logicalDatatype>
<ownDataTypeParameters>,,</ownDataTypeParameters>
</Attribute>
</attributes>
<identifiers itemClass="oracle.dbtools.crest.model.design.logical.CandidateKey">
<identifier id="03F06E3A-4C4A-548D-F569-4097126BD98D" name="Order_ID">
<createdBy>uday</createdBy>
<createdTime>2017-04-09 23:44:41 UTC</createdTime>
<ownerDesignName>DataModel</ownerDesignName>
<engineerTo>
<item key="08C68317-6558-BE2B-51C3-FE7B37198609" value="true"/>
</engineerTo>
<pk>true</pk>
<newElementsIDs>02B11E7F-EE3B-EA7C-684B-A6978B4FDB22,7DB13F22-D65F-BBD8-84B4-95F445E9339C</newElementsIDs>
<usedAttributes>
<attributeRef>02B11E7F-EE3B-EA7C-684B-A6978B4FDB22</attributeRef>
<attributeRef>B2A23C8C-B4F1-D83E-A3DE-782190523C91</attributeRef>
</usedAttributes>
</identifier>
</identifiers>
</Entity>