<?xml version = '1.0' encoding = 'UTF-8'?>
<Entity class="oracle.dbtools.crest.model.design.logical.Entity" directorySegmentName="seg_0" id="B8BDF806-C3C4-FDFD-414D-40ABD7E18D29" name="Fabric_Type">
<createdBy>uday</createdBy>
<createdTime>2017-04-09 20:44:23 UTC</createdTime>
<ownerDesignName>DataModel</ownerDesignName>
<engineerTo>
<item key="08C68317-6558-BE2B-51C3-FE7B37198609" value="true"/>
</engineerTo>
<adequatelyNormalized>NO</adequatelyNormalized>
<expectedVolumes>0</expectedVolumes>
<fwdEngineeringStrategyName>Single Table</fwdEngineeringStrategyName>
<growthPercent>0</growthPercent>
<growthType>Year</growthType>
<maxVolumes>9999999</maxVolumes>
<minVolumes>0</minVolumes>
<normalForm>Third</normalForm>
<attributes itemClass="oracle.dbtools.crest.model.design.logical.Attribute">
<Attribute name="Fabric_Type_ID" id="C509F02B-B9FE-8B5E-99BA-5D76739B9C8F">
<createdBy>uday</createdBy>
<createdTime>2017-04-09 20:44:43 UTC</createdTime>
<ownerDesignName>DataModel</ownerDesignName>
<engineerTo>
<item key="08C68317-6558-BE2B-51C3-FE7B37198609" value="true"/>
</engineerTo>
<useDomainConstraints>false</useDomainConstraints>
<use>1</use>
<logicalDatatype>LOGDT011</logicalDatatype>
<ownDataTypeParameters>,,</ownDataTypeParameters>
</Attribute>
<Attribute name="Fabric_Type" id="8B6CD717-0B2D-B165-D938-C79DB561F868">
<createdBy>uday</createdBy>
<createdTime>2017-04-09 20:45:05 UTC</createdTime>
<ownerDesignName>DataModel</ownerDesignName>
<engineerTo>
<item key="08C68317-6558-BE2B-51C3-FE7B37198609" value="true"/>
</engineerTo>
<nullsAllowed>true</nullsAllowed>
<useDomainConstraints>false</useDomainConstraints>
<use>1</use>
<logicalDatatype>LOGDT025</logicalDatatype>
<dataTypeSize>15</dataTypeSize>
<ownDataTypeParameters>15,,</ownDataTypeParameters>
</Attribute>
</attributes>
<identifiers itemClass="oracle.dbtools.crest.model.design.logical.CandidateKey">
<identifier id="458A91AE-76CF-F592-257A-F6DF36E3250B" name="Fabric_Type_ID">
<createdBy>uday</createdBy>
<createdTime>2017-04-09 21:00:37 UTC</createdTime>
<ownerDesignName>DataModel</ownerDesignName>
<engineerTo>
<item key="08C68317-6558-BE2B-51C3-FE7B37198609" value="true"/>
</engineerTo>
<pk>true</pk>
<newElementsIDs>C509F02B-B9FE-8B5E-99BA-5D76739B9C8F</newElementsIDs>
<usedAttributes>
<attributeRef>C509F02B-B9FE-8B5E-99BA-5D76739B9C8F</attributeRef>
</usedAttributes>
</identifier>
</identifiers>
</Entity>