<?xml version = '1.0' encoding = 'UTF-8'?>
<Entity class="oracle.dbtools.crest.model.design.logical.Entity" directorySegmentName="seg_0" id="DD50FC1C-2DB2-6EA7-6F5E-7AD6554BBC91" name="Customer">
<createdBy>uday</createdBy>
<createdTime>2017-04-09 22:29:29 UTC</createdTime>
<ownerDesignName>DataModel</ownerDesignName>
<engineerTo>
<item key="08C68317-6558-BE2B-51C3-FE7B37198609" value="true"/>
</engineerTo>
<adequatelyNormalized>NO</adequatelyNormalized>
<expectedVolumes>0</expectedVolumes>
<fwdEngineeringStrategyName>Single Table</fwdEngineeringStrategyName>
<growthPercent>0</growthPercent>
<growthType>Year</growthType>
<maxVolumes>9999999</maxVolumes>
<minVolumes>0</minVolumes>
<normalForm>Third</normalForm>
<attributes itemClass="oracle.dbtools.crest.model.design.logical.Attribute">
<Attribute name="Customer_ID" id="67E92736-0C46-BAB4-BDD7-A3E9D15E47C2">
<createdBy>uday</createdBy>
<createdTime>2017-04-09 22:29:37 UTC</createdTime>
<ownerDesignName>DataModel</ownerDesignName>
<engineerTo>
<item key="08C68317-6558-BE2B-51C3-FE7B37198609" value="true"/>
</engineerTo>
<useDomainConstraints>false</useDomainConstraints>
<use>1</use>
<logicalDatatype>LOGDT011</logicalDatatype>
<ownDataTypeParameters>,,</ownDataTypeParameters>
</Attribute>
<Attribute name="FName" id="AF9081A8-419A-0EE1-8937-6C8C3F4497DD">
<createdBy>uday</createdBy>
<createdTime>2017-04-09 22:29:49 UTC</createdTime>
<ownerDesignName>DataModel</ownerDesignName>
<engineerTo>
<item key="08C68317-6558-BE2B-51C3-FE7B37198609" value="true"/>
</engineerTo>
<nullsAllowed>true</nullsAllowed>
<useDomainConstraints>false</useDomainConstraints>
<use>1</use>
<logicalDatatype>LOGDT025</logicalDatatype>
<dataTypeSize>15</dataTypeSize>
<ownDataTypeParameters>15,,</ownDataTypeParameters>
</Attribute>
<Attribute name="LName" id="8BCBF626-C0B3-BF36-6DB8-FE7446603FD6">
<createdBy>uday</createdBy>
<createdTime>2017-04-09 22:30:16 UTC</createdTime>
<ownerDesignName>DataModel</ownerDesignName>
<engineerTo>
<item key="08C68317-6558-BE2B-51C3-FE7B37198609" value="true"/>
</engineerTo>
<nullsAllowed>true</nullsAllowed>
<useDomainConstraints>false</useDomainConstraints>
<use>1</use>
<logicalDatatype>LOGDT025</logicalDatatype>
<dataTypeSize>15</dataTypeSize>
<ownDataTypeParameters>15,,</ownDataTypeParameters>
</Attribute>
<Attribute name="Reward_Points" id="08F28805-268F-962C-CCF9-B0462B8B8963">
<createdBy>uday</createdBy>
<createdTime>2017-04-09 22:30:55 UTC</createdTime>
<ownerDesignName>DataModel</ownerDesignName>
<engineerTo>
<item key="08C68317-6558-BE2B-51C3-FE7B37198609" value="true"/>
</engineerTo>
<nullsAllowed>true</nullsAllowed>
<useDomainConstraints>false</useDomainConstraints>
<use>1</use>
<logicalDatatype>LOGDT011</logicalDatatype>
<ownDataTypeParameters>,,</ownDataTypeParameters>
</Attribute>
<Attribute name="EWallet" id="55D64DCB-2812-8C0E-2EBA-A6917C97B1E4">
<createdBy>uday</createdBy>
<createdTime>2017-04-09 22:31:25 UTC</createdTime>
<ownerDesignName>DataModel</ownerDesignName>
<engineerTo>
<item key="08C68317-6558-BE2B-51C3-FE7B37198609" value="true"/>
</engineerTo>
<nullsAllowed>true</nullsAllowed>
<useDomainConstraints>false</useDomainConstraints>
<use>1</use>
<logicalDatatype>LOGDT011</logicalDatatype>
<ownDataTypeParameters>,,</ownDataTypeParameters>
</Attribute>
</attributes>
<identifiers itemClass="oracle.dbtools.crest.model.design.logical.CandidateKey">
<identifier id="ED11F9C0-C303-323C-EBD8-0887DF366B21" name="Customer_ID">
<createdBy>uday</createdBy>
<createdTime>2017-04-09 22:50:41 UTC</createdTime>
<ownerDesignName>DataModel</ownerDesignName>
<engineerTo>
<item key="08C68317-6558-BE2B-51C3-FE7B37198609" value="true"/>
</engineerTo>
<pk>true</pk>
<newElementsIDs>67E92736-0C46-BAB4-BDD7-A3E9D15E47C2</newElementsIDs>
<usedAttributes>
<attributeRef>67E92736-0C46-BAB4-BDD7-A3E9D15E47C2</attributeRef>
</usedAttributes>
</identifier>
</identifiers>
</Entity>