<?xml version = '1.0' encoding = 'UTF-8'?>
<Entity class="oracle.dbtools.crest.model.design.logical.Entity" directorySegmentName="seg_0" id="E83C71CC-D60E-67EC-094B-BFD944C1143B" name="Color">
<createdBy>uday</createdBy>
<createdTime>2017-04-09 20:40:05 UTC</createdTime>
<ownerDesignName>DataModel</ownerDesignName>
<engineerTo>
<item key="08C68317-6558-BE2B-51C3-FE7B37198609" value="true"/>
</engineerTo>
<adequatelyNormalized>NO</adequatelyNormalized>
<expectedVolumes>0</expectedVolumes>
<fwdEngineeringStrategyName>Single Table</fwdEngineeringStrategyName>
<growthPercent>0</growthPercent>
<growthType>Year</growthType>
<maxVolumes>9999999</maxVolumes>
<minVolumes>0</minVolumes>
<normalForm>Third</normalForm>
<attributes itemClass="oracle.dbtools.crest.model.design.logical.Attribute">
<Attribute name="Color_ID" id="15D5DA5F-CF6D-621A-D5C4-D20A095495F6">
<createdBy>uday</createdBy>
<createdTime>2017-04-09 20:40:18 UTC</createdTime>
<ownerDesignName>DataModel</ownerDesignName>
<engineerTo>
<item key="08C68317-6558-BE2B-51C3-FE7B37198609" value="true"/>
</engineerTo>
<nullsAllowed>true</nullsAllowed>
<useDomainConstraints>false</useDomainConstraints>
<use>1</use>
<logicalDatatype>LOGDT011</logicalDatatype>
<ownDataTypeParameters>,,</ownDataTypeParameters>
</Attribute>
<Attribute name="Color_Name" id="D099E9D7-8054-3530-8B27-EA4BAF3FEE76">
<createdBy>uday</createdBy>
<createdTime>2017-04-09 20:40:26 UTC</createdTime>
<ownerDesignName>DataModel</ownerDesignName>
<engineerTo>
<item key="08C68317-6558-BE2B-51C3-FE7B37198609" value="true"/>
</engineerTo>
<nullsAllowed>true</nullsAllowed>
<useDomainConstraints>false</useDomainConstraints>
<use>1</use>
<logicalDatatype>LOGDT025</logicalDatatype>
<dataTypeSize>15</dataTypeSize>
<ownDataTypeParameters>15,,</ownDataTypeParameters>
</Attribute>
</attributes>
<identifiers itemClass="oracle.dbtools.crest.model.design.logical.CandidateKey">
<identifier id="2308D15C-2F9C-B283-DD51-0FA0C65C3FC5" name="Color_ID">
<createdBy>uday</createdBy>
<createdTime>2017-04-09 21:14:12 UTC</createdTime>
<ownerDesignName>DataModel</ownerDesignName>
<engineerTo>
<item key="08C68317-6558-BE2B-51C3-FE7B37198609" value="true"/>
</engineerTo>
<pk>true</pk>
<newElementsIDs>15D5DA5F-CF6D-621A-D5C4-D20A095495F6</newElementsIDs>
<usedAttributes>
<attributeRef>15D5DA5F-CF6D-621A-D5C4-D20A095495F6</attributeRef>
</usedAttributes>
</identifier>
</identifiers>
</Entity>